,model,no_tries,winrate
0,natural_p200_2.pth,100,0.7171717171717171
1,natural_p150_2.pth,100,0.7676767676767676
